ID_Empreendimento;Nome_Local;Cidade;Corede_Regiao;Tipo_Estabelecimento;Endereco_Completo;Preco_Medio;Nota_Avaliacao;Link_Acesso;Contato_Telefonico;Campo_Extra_Observacoes
1;Moura Hotel;Alecrim;Fronteira Noroeste;Hotel;Moura Hotel;0,00;4,2;https://www.facebook.com/p/MOURA-HOTEL-100054476409686/?locale=pt_BR;(55) 99991-7066;
2;Pousada Felicidade;Alecrim;Fronteira Noroeste;Pousada;Pousada Felicidade - Pesca & Lazer & Natureza;0,00;4,8;https://www.instagram.com/pousadafelicidadepescaelazer/;(55) 99962-1829;
3;Restaurante e Pousada Aconchego;Alegria;Fronteira Noroeste;Pousada;Restaurante e Pousada Aconchego;0,00;4,3;https://www.facebook.com/restauranteepousadaaconchego/?locale=pt_BR;(55) 99996-7259;
4;Hotel Schwab;Boa Vista do Buricá;Fronteira Noroeste;Hotel;HOTEL SCHWAB;349,00;4,2;https://lschwab.com.br/;(55) 3538-1140;
5;Engel Palace Hotel;Boa Vista do Buricá;Fronteira Noroeste;Hotel;Engel Palace Hotel;0,00;4,4;https://engelpalacehotel.com.br/;(55) 9622-8909;
6;Andino Hotel;Campina das Missões;Fronteira Noroeste;Hotel;Andino Hotel;0,00;4,8;https://www.instagram.com/andino.hotel/;(55) 98466-5398;
7;Kastello - Hotel & Restaurante;Campina das Missões;Fronteira Noroeste;Hotel;Kastello - Hotel & Restaurante;0,00;4,8;https://www.instagram.com/kastellohotel/;(51) 99821-0694;
8;Chácara Ludwig;Campina das Missões;Fronteira Noroeste;Pousada;Chácara Ludwig;490,00;4,9;https://www.chacaraludwig.com.br/;(55) 98115-9007;Diversas opções de suítes temáticas
9;Hotel e Pousada Vó Clara;Cândido Godói;Fronteira Noroeste;Hotel;Hotel e Pousada Vó Clara;0,00;4,3;https://www.google.com/maps/place/Hotel+e+Pousada+V%C3%B3+Clara/data=!4m2!3m1!19sChIJPRvLz0cq-ZQR7zsaFF1DABo;(55) 99683-7751;Atualizado
10;Hotel Avenida;Doutor Maurício Cardoso;Fronteira Noroeste;Hotel;Hotel Avenida;0,00;4;https://www.facebook.com/profile.php?id=100067088897420&locale=zh_CN#;(55) 3534-1236;
11;Hotel Restaurante Taffarel;Doutor Maurício Cardoso;Fronteira Noroeste;Hotel;Hotel Restaurante Taffarel;0,00;4,4;https://www.instagram.com/hoteltaffarel/;(55) 99707-6792;
12;Chalé Altitude 363;Horizontina;Fronteira Noroeste;Cabana/Chalé;Chalé Altitude 363;750,00;5;https://www.instagram.com/chalealtitude363/;(55) 99715-6858;
13;Refúgio Bela Vista;Horizontina;Fronteira Noroeste;Cabana/Chalé;Refúgio Bela Vista;595,00;5;https://www.refugiobelavistahz.com.br/;(55) 99937-2628;
14;Recanto das Águias;Horizontina;Fronteira Noroeste;Cabana/Chalé;Recanto das Águias;0,00;4,9;https://www.instagram.com/recanto_das_aguias_hz/;(55) 99141-1464;
15;Hotel Stein Garten;Horizontina;Fronteira Noroeste;Hotel;Hotel Stein Garten;0,00;4,3;https://www.facebook.com/steingartenhotelhorizontina/?locale=pt_BR;(55) 99702-9796;
16;Hotel Avenida;Horizontina;Fronteira Noroeste;Hotel;Hotel Avenida;0,00;4,1;https://www.facebook.com/profile.php?id=697263303659775&_rdr;(55) 3537-1633;
17;Hotel Ouro Verde;Horizontina;Fronteira Noroeste;Hotel;Hotel Ouro Verde;0,00;4,4;https://www.facebook.com/pages/Hotel%20Ouro%20Verde/227798163920274/;(55) 3537-1122;
18;Pousada Recanto do Sol;Horizontina;Fronteira Noroeste;Pousada;Pousada Recanto do Sol;320,00;4,4;https://www.recantodosolpousada.com.br/;(55) 3537-3575;
19;Hotel Dal Sotto;Independência;Fronteira Noroeste;Hotel;Hotel Dal Sotto;0,00;4,2;https://www.facebook.com/hotelemercadodalsotto/?locale=pt_BR;(55) 99634-9824;
20;Costana Frontier Resort;Novo Machado;Fronteira Noroeste;Resort;Costana Resort;0,00;5;htttps://www.costanaresort.com.br;(55) 98426-9400;
21;Casa Uruguai;Porto Lucena;Fronteira Noroeste;Cabana/Chalé;Casa Uruguai;0,00;4,8;https://www.instagram.com/uruguaicasa/;(55) 99902-8973;
22;Chalé Horizonte do Vale;Porto Lucena;Fronteira Noroeste;Cabana/Chalé;Chalé Horizonte do Vale;0,00;5;https://www.instagram.com/chalehorizontedovale/;(55) 99638-5600;
23;Cabana do Sol;Porto Lucena;Fronteira Noroeste;Cabana/Chalé;Cabana do Sol;0,00;0;https://www.instagram.com/cabana_do_sol?igsh=MXRsczRuanlscnRuaA%3D%3D;(55) 99734-4075;Em construção
24;Pousada da Polaca;Porto Lucena;Fronteira Noroeste;Pousada;POUSADA POLACA;0,00;4,6;https://www.facebook.com/p/Pousada-da-Polaca-100054474039625/?locale=pt_BR;(55) 99639-2184;
25;CASA WEISS - HOTEL WEISS;Porto Mauá;Fronteira Noroeste;Hotel;CASA WEISS - HOTEL WEISS;0,00;4,6;https://www.instagram.com/casaweisshotelweiss/;(55) 99952-5386;
26;Empresa Zamberlan : Hotel, Rodoviária;Porto Mauá;Fronteira Noroeste;Hotel;Empresa Zamberlan : Hotel, Rodoviária;70,00;4;https://empresa-zamberlan-porto-maua-rs-hotel-rodoviaria.webnode.page/;(55) 3545-1250;
27;Casa Mauá;Porto Mauá;Fronteira Noroeste;Pousada;Casa Mauá;986,00;2;https://www.instagram.com/casamauars/;(55) 93619-8738;
28;Cabanas do Porto;Porto Mauá;Fronteira Noroeste;Cabana/Chalé;Cabanas do Porto;0,00;0;https://www.instagram.com/cabanasdoporto/;(55) 99155-6528;
29;Chalé/ Mirante M´Bororé;Porto Vera Cruz;Fronteira Noroeste;Cabana/Chalé;Chalé/ Mirante M´Bororé;245,00;4,9;https://www.instagram.com/chale.mborore/;(55) 98441-8453;
30;Casa Âncora;Porto Vera Cruz;Fronteira Noroeste;Cabana/Chalé;Casa Âncora;560,00;5;https://www.instagram.com/casaancora_portoveracruz/;(55) 98421-3977;
31;Hotel Fronteira;Porto Vera Cruz;Fronteira Noroeste;Hotel;Hotel Fronteira;0,00;4,5;https://www.facebook.com/hotelfronteira/;(55) 98411-2492;
32;Pousada O Casarão;Porto Vera Cruz;Fronteira Noroeste;Pousada;Pousada em Porto Vera Cruz - Pousada O Casarão com Chalé;200,00;5;https://www.instagram.com/pousada.ocasarao/;(55) 98421-4955;
33;Recanto dos Coqueiros;Porto Vera Cruz;Fronteira Noroeste;Pousada;Recanto dos Coqueiros PVC;0,00;0;https://www.instagram.com/recantodoscoqueirospvc/;(55) 98454-0144;Sem avaliações
34;Costa Verde;Porto Vera Cruz;Fronteira Noroeste;Pousada;Costa Verde;0,00;4,3;https://costaverde2011.blogspot.com/;(55) 98111-8421;
35;Recanto Ilha dos Bugres;Porto Vera Cruz;Fronteira Noroeste;Pousada;Recanto Ilha dos Bugres;0,00;4,7;https://www.facebook.com/p/Recanto-Ilha-dos-Bugres-100083286161803/;(55) 98434-6731;
36;Rancho Costeiro Casa Hotel | Agroturismo;Porto Xavier;Fronteira Noroeste;Pousada;Rancho Costeiro Casa Hotel | Agroturismo;550,00;4,6;https://www.ranchocosteiropx.com.br/;(55) 99105-2320;
37;Imigrantes Hotel;Santa Rosa;Fronteira Noroeste;Hotel;Imigrantes Hotel;292,00;4,6;https://www.imigranteshotel.org/;(55) 3512-1288;Jantar de excelência, quartos silenciosos, foco executivo.
38;Rigo Hotel;Santa Rosa;Fronteira Noroeste;Hotel;Rigo Hotel;335,00;4,1;https://www.rigohotel.com.br/;(55) 3512-6545;
39;Beno's Hotel;Santa Rosa;Fronteira Noroeste;Hotel;Beno's Hotel;500,00;4,5;https://benoshotel.com/;(55) 3511-1082;
40;Hotel do Ildo;Santa Rosa;Fronteira Noroeste;Hotel;Hotel do Ildo;0,00;4,2;https://www.facebook.com/HoteldoIldo;(55) 3513-9020;
41;Hotel Asteca;Santa Rosa;Fronteira Noroeste;Hotel;Hotel Asteca;0,00;4,3;https://www.hotelasteca.com.br/;(55) 3512-4655;
42;Hotel Entardecer;Santa Rosa;Fronteira Noroeste;Hotel;Hotel Entardecer;0,00;4,2;https://www.instagram.com/hotel.entardecer/;(55) 98459-1297;
43;Sul Palace Hotel;Santa Rosa;Fronteira Noroeste;Hotel;Sul Palace Hotel;0,00;4,4;https://www.facebook.com/HotelsulpalaceRS/?locale=pt_BR;(55) 3511-2657;
44;Sênior Parque Hotel;Santa Rosa;Fronteira Noroeste;Hotel;Sênior Parque Hotel;0,00;4,3;https://www.instagram.com/seniorparquehotel/;(55) 3512-4244;
45;Hotel Villa Romana;Santa Rosa;Fronteira Noroeste;Hotel;Hotel villa romana;0,00;4,5;https://www.facebook.com/p/HOTEL-VILLA-Romana-100063989501596/;(55) 3511-3130;
46;Pousada Bonetti;Santa Rosa;Fronteira Noroeste;Pousada;Pousada Bonetti;230,00;5;https://www.instagram.com/pousadabonetti/;(55) 99159-2311;
47;Sítio 1209;Santa Rosa;Fronteira Noroeste;Cabana/Chalé;Sítio 1209;0,00;5;https://www.instagram.com/sitio_1209/;(55) 99188-5940;
48;Lago Azul Acqua Park;Santo Cristo;Fronteira Noroeste;Cabana/Chalé;Lago Azul Acqua Park;890,00;4,4;https://www.instagram.com/lagoazulacquaparksantocristo/?hl=pt;(55) 98100-1256;
49;La Cabana;Santo Cristo;Fronteira Noroeste;Cabana/Chalé;La Cabana;0,00;4,7;https://www.instagram.com/lacabana.missoes/;(55) 98454-0051;
50;Hotel Santo Cristo;Santo Cristo;Fronteira Noroeste;Hotel;Hotel Santo Cristo;0,00;3,8;https://www.google.com/maps/place/Hotel+Santo+Cristo/data=!4m2!3m1!19sChIJX3B9_Hwv-ZQRQx1vqjDWin4;(55) 3541-1222;Atualizado
51;Hotel Fazenda 3 Cascatas;Santo Cristo;Fronteira Noroeste;Hotel;Hotel Fazenda 3 Cascatas;0,00;4,2;https://www.3cascatas.com.br/;(55) 3541-0749;
52;Hotel Sabor & Aconchego;Três de Maio;Fronteira Noroeste;Hotel;Hotel Sabor e Aconchego;180,00;4,2;https://www.facebook.com/hotelsaboreaconchego;(55) 3535-1601;Café da manhã colonial, estacionamento amplo, acesso fácil via RS.
53;Hotel Karinmã;Três de Maio;Fronteira Noroeste;Hotel;Hotel Karinmã;230,00;4,1;https://www.karinmahotel.com.br/especificacoes.php?nome=apartamento-climatizado;(55) 3535-1641;
54;Franken Hotel;Três de Maio;Fronteira Noroeste;Hotel;Franken Hotel;255,00;4,3;https://www.hotelfranken.com.br/acomodacoes;(55) 3535-2088;
55;Hotel Avenida;Tucunduva;Fronteira Noroeste;Hotel;Hotel Avenida;0,00;4,6;https://www.google.com/maps/place/Hotel+Avenida/data=!4m2!3m1!19sChIJT7a1Mlg_-ZQRQHgc_57qajk;(55) 3542-1130;Atualizado
56;Benni Pousada;Tucunduva;Fronteira Noroeste;Pousada;Benni Pousada;120,00;4,8;https://www.instagram.com/benni_pousada/;(55) 99703-1607;
57;Recanto do Minas;Tuparendi;Fronteira Noroeste;Cabana/Chalé;Recanto do Minas;350,00;5;https://www.instagram.com/recantodominas/?hl=pt;(55) 9900-4991;
58;Hotel Chitolina;Tuparendi;Fronteira Noroeste;Hotel;Hotel Chitolina;0,00;4,6;https://www.facebook.com/profile.php?id=100054509977964&locale=pt_BR;(55) 99999-0295;
59;Casa Hotel;Barra do Guarita;Celeiro;Hotel;Casa Hotel;89,00;4,6;https://www.facebook.com/profile.php?id=100063744213297#;(49) 99804-6674;
60;Parque Aquático Olhos D'Água;Bom Progresso;Celeiro;Cabana/Chalé;Parque Aquático Olhos D'Água;0,00;4,5;https://www.instagram.com/parqueaquaticoolhodagua/;(55) 99113-0155;
61;Hotel Campo Novo;Campo Novo;Celeiro;Hotel;Hotel Campo Novo;0,00;4,5;https://www.google.com/maps/place/Hotel+Campo+Novo/data=!4m2!3m1!19sChIJ3Z1xJiP0-5QRDBBFxdf1HiY;(55) 99616-8236;Atualizado
62;Balneário Sítio das 3 Águas;Campo Novo;Celeiro;Cabana/Chalé;98570-000;0,00;0;https://www.instagram.com/p/DPjU3aIjV65/?img_index=1;(55) 99640-6192;
63;Pousada Moraes;Campo Novo;Celeiro;Pousada;Pousada Moraes;0,00;4,7;https://www.facebook.com/p/Hotel-Pousada-Moraes-100064675394534/?locale=pt_BR;(55) 98123-7494;
64;Hotel Aquarius;Chiapetta;Celeiro;Hotel;Hotel Aquarius;0,00;4,3;https://www.rotadoyucuma.com.br/servicos/hotel-aquarius/;(55) 99946-6491;
65;Hotel Cassemiro By Rede Nossa casa;Coronel Bicaco;Celeiro;Hotel;Hotel Cassemiro By Rede Nossa casa;234,00;5;https://paradourocassemiro.com.br/hotel/;(55) 99927-3999;
66;Sadi Hotel;Coronel Bicaco;Celeiro;Hotel;Sadi Hotel;0,00;3,7;https://www.rotadoyucuma.com.br/servicos/sadi-hotel/;(55) 99700-4090;
67;Hotel Crissiumal;Crissiumal;Celeiro;Hotel;Hotel Crissiumal;0,00;4,4;https://www.instagram.com/hotelcrissiumal/;(55) 3524-1350;
68;Hotel e Restaurante Cavalinho Branco;Crissiumal;Celeiro;Hotel;Hotel e Restaurante Cavalinho Branco;0,00;4,4;https://guiacrissiumal.com.br/empresas/Hotel_e_Restaurante_Cavalinho_Branco_-_Crissiumal;(55) 3524-1389;
69;Parque Balneário Amorim;Crissiumal;Celeiro;Cabana/Chalé;Parque Balneário Amorim - Hotel Cabanas Pousada Pernoite;0,00;4,5;https://www.instagram.com/balneario.amorim/;(55) 99935-1414;
70;Refúgio das Pedras;Crissiumal;Celeiro;Cabana/Chalé;Refúgio das Pedras;0,00;5;https://www.instagram.com/refugiodaspedrascrissiumal/;(55) 99727-6065;
71;Parque das Fontes;Derrubadas;Celeiro;Cabana/Chalé;Parque das Fontes;250,00;4,3;https://www.balnearioparquedasfontes.com.br/;(55) 99918-3907;
72;Balneário Martens;Derrubadas;Celeiro;Cabana/Chalé;Balneário Martens;0,00;4,4;https://www.instagram.com/balneario_martens/;(55) 99672-9663;
73;Pousada Yucumã;Esperança do Sul;Celeiro;Pousada;Pousada Yucumã;0,00;4,6;https://www.instagram.com/pousada.yucuma/;(55) 99915-8459;
74;Balneário Stibe;Esperança do Sul;Celeiro;Cabana/Chalé;Balneário Stibe;276,00;4,7;https://www.instagram.com/balneario_stibe/;(55) 99607-0865;
75;Hotel e Pousada KF;Miraguai;Celeiro;Hotel;HOTEL E POUSADA KF EM MIRAGUAÍ;0,00;5;https://www.instagram.com/p/DSa7Avvjzys/?img_index=5;(55) 99937-8582;Link com postagem de propagando somente
76;Hotel Santi;Santo Augusto;Celeiro;Hotel;Hotel Santi;0,00;4,2;https://www.instagram.com/hotel_santi/;(55) 3781-1073;
77;Hotel Marco Polo;Santo Augusto;Celeiro;Hotel;Hotel Marco Polo;0,00;3,9;https://www.instagram.com/hotel.marco.polo/;(55) 3781-1162;
78;Hotel Baggio;Santo Augusto;Celeiro;Hotel;Hotel Baggio;0,00;4;https://www.instagram.com/hotelbaggio/;(55) 3781-1325;
79;Hotel Bom Sossego;Santo Augusto;Celeiro;Hotel;Hotel Bom Sossego;0,00;5;https://www.tripadvisor.com.br/Hotel_Review-g3168967-d8080544-Reviews-Hotel_Bom_Sussego-Santo_Augusto_State_of_Rio_Grande_do_Sul.html;(55) 99996-0099;
80;Dom Augusto Hotel Flat;Santo Augusto;Celeiro;Hotel;Dom Augusto Hotel Flat;0,00;4,6;https://www.instagram.com/dom.augustohotel/;(55) 3781-1921;
81;Hotel Renascer;São Martinho;Celeiro;Hotel;Hotel Renascer;0,00;4,3;https://www.instagram.com/hotelrenascersm/;(55) 99974-5628;
82;Salto Grande Turis Hotel;Tenente Portela;Celeiro;Hotel;Salto Grande Turis Hotel;0,00;3,8;https://sgturishotel.com.br/;(55) 3551-2656;
83;Hotel Aracê;Tenente Portela;Celeiro;Hotel;Hotel Aracê;0,00;4,1;https://hotelarace.com.br/;(55) 99954-1097;
84;Hotel Biguelini;Tenente Portela;Celeiro;Hotel;Hotel Biguelini;0,00;4,3;https://www.google.com/maps/place/Hotel+Biguelini/data=!4m2!3m1!19sChIJA38AexXA-5QR9P0S-Ic4z1g;(55) 3551-1086;Atualizado
85;Hotel Avenida;Tenente Portela;Celeiro;Hotel;Hotel Avenida;0,00;4;https://www.instagram.com/hotelavenidatp/;(55) 3551-1859;
86;Parque Águas de Moconá;Tenente Portela;Celeiro;Cabana/Chalé;Parque Águas de Moconá;0,00;4,1;https://www.facebook.com/aguasdemocona/?locale=pt_BR;(55) 99962-4836;
87;Restaurante, Quiosque e Pousada do Celso;Tiradentes do Sul;Celeiro;Cabana/Chalé;Restaurante, Quiosque e Pousada do Celso;0,00;4,5;https://www.instagram.com/quiosquedoselso/;(55) 99945-1506;
88;WS Suítes Hotel;Três Passos;Celeiro;Hotel;WS SUÍTES HOTEL;229,00;4,6;https://wssuiteshotel.com.br/;(55) 99686-2548;
89;Hotel Pousada Vale Verde;Três Passos;Celeiro;Pousada;Hotel Pousada Vale Verde;0,00;4,4;https://www.facebook.com/Pousadavaleverde8818/;(55) 3522-8818;
90;Hotel Imperial;Três Passos;Celeiro;Hotel;Hotel Imperial;270,00;4,3;https://www.hotelimperial-rs.com/;(55) 3522-2135;
91;Hotel Três Poderes;Três Passos;Celeiro;Hotel;Hotel Três Poderes;0,00;3,9;https://www.facebook.com/p/Hotel-Tr%C3%AAs-Poderes-100063642486788/;(55) 3522-8610;
92;Hotel Avenida;Três Passos;Celeiro;Hotel;HOTEL AVENIDA / Três Passos-RS;0,00;4,3;https://www.facebook.com/hotelavenidatrespassos/?locale=pt_BR;(55) 99925-3656;
93;Cabana Vale dos Nogueiras;Três Passos;Celeiro;Cabana/Chalé;CABANA VALE DAS NOGUEIRAS;0,00;5;https://www.instagram.com/cabana.valedasnogueiras/;-;https://www.airbnb.com.br/rooms/710950542390598950?guests=1&adults=1&s=67&unique_share_id=6e5d7817-5b3a-4726-afab-3559b2b440c4
94;Hotel Pousada do Sossego;Bossoroca;Missões;Pousada;Hotel Pousada do Sossego;0,00;4,3;https://www.instagram.com/hotelpousadadosossego/;(55) 98422-1252;
95;Pousada Coração das Missões;Caibaté;Missões;Pousada;Pousada Coração das Missões;0,00;5;https://www.facebook.com/profile.php?id=61566393570441&locale=pt_PT#;(55) 99628-3939;
96;Hotel Missões;Cerro Largo;Missões;Hotel;Hotel Missões;0,00;4,3;http://hotelmissoes.com.br/;(55) 3359-1283;
97;Hotel Brasil;Cerro Largo;Missões;Hotel;Hotel Brasil;0,00;4,3;https://www.tripadvisor.com.br/Hotel_Review-g4137324-d12518286-Reviews-Hotel_Brasil-Cerro_Largo_State_of_Rio_Grande_do_Sul.html;(55) 3359-1102;
98;Hospedagem Casa Estadia da Tranquilidade - Pousada;Entre-Ijuís;Missões;Pousada;Hospedagem Casa Estadia da Tranquilidade - Pousada;221,00;4,9;https://hospedagemmissoes.com.br/hospedagem-entreijuis/tranquilidade/;(55) 98406-7644;
99;Casa de Hospedagem Cantinho do Sossego;Entre-Ijuís;Missões;Pousada;Casa de Hospedagem Cantinho do sossego;204,00;5;https://hospedagemmissoes.com.br/hospedagem-entreijuis/sossego/;(55) 98406-7644;
100;Hotel Safira das Missoes;Entre-Ijuís;Missões;Hotel;Hotel Safira das Missoes;0,00;5;https://www.instagram.com/hotelsafiradasmissoes/;(55) 99698-5858;
101;Chácara Boa Vistha;Entre-Ijuís;Missões;Cabana/Chalé;Chácara Boa Vistha;0,00;5;https://www.instagram.com/chacara_boa_vistha/;(55) 99946-9151;
102;Hotel Luciane;Eugênio de Castro;Missões;Hotel;Hotel Luciane;0,00;4,2;https://www.facebook.com/p/Hotel-Luciane-Eug%C3%AAnio-de-Castro-RS-100063694862972/;(55) 3335-1001;
103;Hotel Raíz de Pedra;Garruchos;Missões;Hotel;Hotel Raíz de Pedra;0,00;4,4;https://hotelraizdepedra.com.br/;(55) 98411-9541;
104;Colinas Hotel;Giruá;Missões;Hotel;Colinas Hotel;310,00;4,5;https://www.hotelcolinas.com.br/;(55) 3361-2808;
105;Hotel do Santo;Giruá;Missões;Hotel;Hotel do Santo;0,00;4,3;https://www.facebook.com/hoteldosanto/?locale=pt_BR;(55) 3361-1365;
106;Hotel Central;Guarani das Missões;Missões;Hotel;Hotel Central;0,00;3,9;https://www.facebook.com/p/Hotel-Central-100067640356097/?locale=pt_BR;(55) 99994-5622;
107;Hotel Santos;Itacurubi;Missões;Hotel;Hotel Santos;0,00;4,3;https://www.google.com/maps/place/Hotel+Santos/data=!4m2!3m1!19sChIJrYOM3AN2_5QRdAqOpDQch5Y;(55) 3366-1141;Atualizado
108;Hotel Sausen;Pirapó;Missões;Hotel;Hotel Sausen;0,00;4,7;https://gigahoteis.com.br/sobre/hotel-sausen-pirapo-rs-30112787;(55) 3351-1129;
109;Pousada Biguá;Porto Xavier;Missões;Pousada;Pousada Biguá;0,00;4,5;https://www.instagram.com/pousada_bigua/?hl=pt;(55) 99613-0270;
110;Hotel Ardais;Porto Xavier;Missões;Hotel;Hotel Ardais;0,00;4,3;https://www.google.com/maps/place/Hotel+Ardais/data=!4m2!3m1!19sChIJ39JdTJ64-JQRDXpUHjZsMaM;(55) 3354-1476;Atualizado
111;Hotel Farol;Porto Xavier;Missões;Hotel;Hotel Farol;0,00;4;https://hotelfarolpx.com.br/index.php?pg=principal;(55) 3354-1160;
112;Hotel Rotta;Porto Xavier;Missões;Hotel;Hotel Rotta;0,00;4,1;https://www.google.com/maps/place/Hotel+Rotta/data=!4m2!3m1!19sChIJvau-Rp24-JQRcotcLmf9FiI;(55) 3354-1014;Atualizado
113;Hotel Prill;Porto Xavier;Missões;Hotel;Hotel Prill;0,00;4,7;https://www.instagram.com/p/C8CTxonvc_6/?img_index=7;(55) 99961-3461;
114;Hotel/Pousada da Vó Nelca;Porto Xavier;Missões;Pousada;Hotel/Pousada da Vó Nelca;0,00;4,8;https://www.instagram.com/pousada_vonelca/;(55) 98108-0619;
115;Stone Cabanas;Porto Xavier;Missões;Cabana/Chalé;Stone Cabanas;0,00;0;https://www.instagram.com/stonecabanas/;(55) 99989-0138;
116;Cabanas Aconchego;Porto Xavier;Missões;Cabana/Chalé;Cabana do Sossego;450,00;5;https://www.instagram.com/cabanasaconchegopx/;(55) 99603-6296;
117;Pousada e Restaurante Dona Maria;Roque Gonzales;Missões;Pousada;Pousada e Restaurante Dona Maria;0,00;4,5;https://www.instagram.com/donamariapousada/;(55) 99901-3191;
118;Pousada Florescer;Roque Gonzales;Missões;Pousada;Pousada Florescer;0,00;5;https://www.instagram.com/pousadaflorescer.rg/;(55) 99984-6494;
119;Pousada Sítio Caye;Roque Gonzales;Missões;Pousada;Pousada Sítio Caye;0,00;4,9;https://www.instagram.com/sitiocaye/;(55) 99634-2508;
120;Hotel e Restaurante Hahn;Salvador das Missões;Missões;Hotel;Hotel e Restaurante Hahn;0,00;4,7;https://www.instagram.com/hotel.hahn/;(55) 3358-2055;
121;Villas Hotel;Santo Ângelo;Missões;Hotel;Villas Hotel;479,00;4,9;https://www.villashotelrs.com.br/;(55) 3312-3131;
122;Maerkli Hotel;Santo Ângelo;Missões;Hotel;Maerkli Hotel;323,00;4,2;https://www.instagram.com/maerklihotel/;(55) 99911-4888;
123;Turis Hotel Santo Ângelo;Santo Ângelo;Missões;Hotel;Turis Hotel Santo Ângelo;0,00;3,5;https://turis-hotel-santo-angelo.riograndedosulhotels.net/pt/;(55) 99668-1706;
124;Hotel Nova Esperança;Santo Ângelo;Missões;Hotel;Hotel Nova Esperança;0,00;4,2;https://www.hotelnovaesperanca.com.br/;(55) 3312-1173;
125;Hotel Debacco;Santo Ângelo;Missões;Hotel;Hotel Debacco;0,00;3,6;https://www.hoteldebacco.com.br/;(55) 3312-7755;
126;Pousada Jardim Sabo;Santo Ângelo;Missões;Pousada;Pousada Jardim Sabo;0,00;4,7;https://www.instagram.com/pousadajardimsabo/;(55) 99959-7073;
127;Pousada 7 Povos;Santo Ângelo;Missões;Pousada;Pousada 7 Povos;0,00;3,6;https://laertefa.wixsite.com/pousada;(55) 99918-2589;
128;Port Hotel Missões;Santo Antônio das Missões;Missões;Hotel;Port Hotel Missões;0,00;4,2;https://www.facebook.com/p/Port-Hotel-100063804390458/;(55) 99660-0755;
129;Pousada do Mikika;Santo Antônio das Missões;Missões;Pousada;Pousada do Mikika;0,00;3,8;https://www.portaldasmissoes.com.br/empreendimentos/todos/pousada-do-mikika-1148;(55) 99644-6985;
130;Guilet Hotel;São Borja;Missões;Pousada;Guilet Hotel;190,00;3,9;https://guilet-hotel.webnode.page/;(55) 3431-4023;
131;Hotel Obino São Borja;São Borja;Missões;Hotel;Hotel Obino São Borja;269,00;4;https://www.hotelobinosaoborja.com.br/;(55) 3431-1063;
132;Hospedagens São Borja;São Borja;Missões;Pousada;Hospedagens São Borja;175,00;4,8;https://hospedagens-rs-apartment.hoteis-em-suldobrasil.com/pt/;(55) 99151-1420;
133;Presidente Hotel;São Borja;Missões;Hotel;Presidente Hotel;368,00;3,8;https://presidentesaoborja.br-hotels.com/pt/;(55) 3430-3436;
134;Hotel Viva Vida;São Borja;Missões;Hotel;Hotel Viva Vida;369,00;4,4;https://hotelvivavida.com.br/site/br;(55) 99620-2030;
135;El Caminito Hotel São Borja;São Borja;Missões;Hotel;El Caminito Hotel São Borja;272,00;4,1;https://www.instagram.com/elcaminitohotel/;(55) 99734-5332;
136;Executivo Park Hotel;São Borja;Missões;Hotel;Executivo Park Hotel;368,00;3,6;https://executivo-park-hotel.hoteis-em-suldobrasil.com/pt/;(55) 99714-1094;
137;Rafaello Hotel - São Borja/RS;São Borja;Missões;Hotel;Rafaello Hotel - São Borja/RS;290,00;4;https://www.instagram.com/hotelrafaello/;(55) 3431-1716;
138;Hotel Executivo;São Borja;Missões;Hotel;Hotel Executivo;368,00;3,6;https://www.instagram.com/executivohoteissb/;(55) 3431-3741;
139;Sítio Preserva Turismo Rural;São Borja;Missões;Pousada;Sítio Preserva Turismo Rural;280,00;4,5;https://www.facebook.com/SitioPreservaTurismoRural/?locale=pt_BR;(55) 99903-0855;
140;HOTEL AVENIDA;São Borja;Missões;Hotel;HOTEL AVENIDA;0,00;4,3;https://eguias.net/empresa/hotel-avenida/sao-borja/rs/2295264;(55) 99968-6763;
141;Hotel Pampa;São Borja;Missões;Hotel;Hotel Pampa;0,00;4;https://www.yelp.com/biz/hotel-pampa-s%C3%A3o-borja;(55) 99735-7663;
142;661 Hospedagem;São Borja;Missões;Pousada;661 Hospedagem;0,00;4,8;https://www.instagram.com/661hospedagem.sb/;(55) 98416-7432;
143;Village Hotel;São Borja;Missões;Hotel;Village Hotel;0,00;3,8;https://www.facebook.com/p/Village-Hotel-100054608222203/;(55) 3431-3316;
144;Itaipu Hotel Ltda;São Borja;Missões;Hotel;Itaipu Hotel Ltda;0,00;3,9;https://www.facebook.com/profile.php?id=146508802086199&_rdr;(55) 3431-1577;
145;Pousada Hotel Imigrantes;São Borja;Missões;Pousada;Pousada Hotel Imigrantes;0,00;3,8;https://www.facebook.com/pousadaimigrantes/?locale=pt_BR;(55) 99900-8827;
146;Hotel Rio;São Borja;Missões;Hotel;Hotel Rio;0,00;3,9;https://www.google.com/maps/place/Hotel+Rio/data=!4m2!3m1!19sChIJueGHorXHVZQRl9zeeipyWuk;(55) 3431-2905;Atualizado
147;Hotel Brasil São Borja;São Borja;Missões;Hotel;Hotel Brasil São Borja;0,00;3,9;https://www.guiasaoborja.com/detalhe_empresa.php?id_empresa=3;(55) 3431-2238;
148;Hotel Del Rey Delizeu Antônio Fiorim;São Borja;Missões;Pousada;Hotel Del Rey Delizeu Antônio Fiorim;0,00;4;https://www.pousadas.vip/sobre/hotel-del-rey-delizeu-antonio-fiorim-sao-borja-rs;(55) 3431-9324;
149;Pousada Samborjense;São Borja;Missões;Pousada;Pousada Samborjense;0,00;3,7;https://br.todosnegocios.com/pt/pousada-samborjense-55-3431-6992;(55) 3431-6992;
150;Origens Hotel;São Luiz Gonzaga;Missões;Hotel;Origens Hotel;376,00;4,9;https://www.origenshotel.com.br/;(55) 98119-0085;
151;Cometa Plaza Hotel;São Luiz Gonzaga;Missões;Hotel;Cometa Plaza Hotel;299,00;4;https://cometaplazahotel.com.br/;(55) 3352-7071;
152;Hotel Ipê ""Sob nova Direção"";São Luiz Gonzaga;Missões;Hotel;Hotel Ipê ""Sob nova Direção"";261,00;4,1;https://www.facebook.com/p/Hotel-e-Pousada-IP%C3%8A-100064816877110/;(55) 3352-1575;
153;Lena Hotel;São Luiz Gonzaga;Missões;Hotel;Lena Hotel;240,00;4,2;https://www.instagram.com/hotel.lena/;(55) 99615-6452;
154;Hotel Mário;São Luiz Gonzaga;Missões;Hotel;Hotel Mário;0,00;4;https://www.facebook.com/profile.php?id=141498999254597&_rdr;(55) 99941-7440;
155;Xerife Hotel;São Luiz Gonzaga;Missões;Hotel;Xerife Hotel - NOVA DIREÇÃO;0,00;4,1;https://www.facebook.com/p/Xerife-Hotel-100028388813706/?locale=pt_BR;(55) 98401-4128;
156;Torre Hotel;São Luiz Gonzaga;Missões;Hotel;Torre Hotel;0,00;4;https://www.facebook.com/p/Torre-Hotel-Hopedagem-SLG-100066401028348/;(55) 3352-2616;
157;Hotel Pousada Recanto II;São Luiz Gonzaga;Missões;Pousada;Hotel Pousada Recanto II;0,00;4,1;https://www.facebook.com/marlenefatimacigana/?locale=pt_BR;(55) 99944-4266;
158;Pousada das Missões;São Miguel das Missões;Missões;Pousada;Pousada das Missões;379,00;4,6;http://www.pousadadasmissoes.com.br/;(55) 98161-5722;
159;Hotel Barichello;São Miguel das Missões;Missões;Hotel;Hotel Barichello;278,00;4,2;https://www.instagram.com/hotelbarichello/;(55) 99681-1272;
160;Tenondé Park Hotel;São Miguel das Missões;Missões;Hotel;Tenondé Park Hotel;467,00;4,7;https://tenonde.com.br/;(55) 3381-2000;
161;Jada Hotel;São Miguel das Missões;Missões;Hotel;Jada Hotel;0,00;4,6;https://www.facebook.com/HotelJADA/?locale=pt_BR;(55) 99730-4442;
162;Pousada Avambae;São Miguel das Missões;Missões;Pousada;Pousada Avambae;0,00;4,9;https://www.instagram.com/pousada_avambae/;(55) 99712-8541;
163;Pousada Jardim;São Miguel das Missões;Missões;Pousada;Pousada Jardim;0,00;4,9;https://www.instagram.com/pousadajardimsaomiguel/;(55) 9641-4399;
164;Cantinho aconchegante;São Miguel das Missões;Missões;Pousada;Cantinho aconchegante;0,00;4,7;https://www.google.com/maps/place/Cantinho+aconchegante/data=!4m2!3m1!19sChIJ-0c9r7v3_pQRDS-v_B6uvw8;(55) 99727-1915;Atualizado
165;Recanto da Mata;São Miguel das Missões;Missões;Pousada;Recanto da Mata;0,00;5;https://www.instagram.com/recantodamata_smm/;(55) 99931-9957;
166;Pousada Arcanjo;São Miguel das Missões;Missões;Pousada;Pousada Arcanjo;0,00;5;https://www.airbnb.com.br/rooms/1288523263742018124?source_impression_id=p3_1767884038_P3ir0FiYe0h5Njca;(55) 99905-2043;
167;Cabana Valle dos Sonhos;São Miguel das Missões;Missões;Cabana/Chalé;Cabana Valle dos Sonhos;0,00;4;https://www.instagram.com/cabana_valledossonhos/;(55) 99662-7269;
168;Pousada dos Jesuítas;São Nicolau;Missões;Pousada;Pousada dos Jesuítas;0,00;4,4;https://www.instagram.com/pousadadosjesuitas/;(55) 99958-1951;
169;Hotel da Jura;São Nicolau;Missões;Hotel;Hotel da Jura;0,00;4,4;https://www.instagram.com/hoteldajura/;(54) 99714-6336;
170;Pousada Paraíso JG;São Pedro do Butiá;Missões;Pousada;Pousada Paraíso JG;0,00;5;https://www.instagram.com/paraisopousadajg/;(55) 99726-5108;
171;Hotel Raios de Sol Missioneiro;São Pedro do Butiá;Missões;Hotel;Hotel Raios de Sol Missioneiro;0,00;4,7;https://www.instagram.com/hrsmissioneiro/;(55) 99681-1515;
172;Restaurante Pousada E Lancheiria Do Bolão;Vitória das Missões;Missões;Pousada;Restaurante Pousada E Lancheiria Do Bolão;0,00;4,3;https://www.instagram.com/explore/locations/1631796040465152/restaurante-a-pousada-do-bolao/;(55) 98414-3443;
173;Gullas Hotel;Ajuricaba;Noroeste Colonial;Hotel;Gullas Hotel, Restaurante, Lancheria e Sorveteria;0,00;3,9;https://www.facebook.com/gullasehotel/?locale=pt_BR;(55) 3387-2019;
174;Moinho Arroio Leão;Catuípe;Noroeste Colonial;Cabana/Chalé;Moinho Arroio Leão;0,00;4,8;https://www.instagram.com/moinhoarroioleao/;(55) 99191-7557;
175;Condado do Cipreste;Condor;Noroeste Colonial;Cabana/Chalé;Condado do Cipreste;200,00;4,9;https://www.instagram.com/condadodocipreste/;(55) 99974-5297;
176;Chácara Da Nona;Condor;Noroeste Colonial;Cabana/Chalé;Chácara Da Nona;0,00;4,9;https://www.facebook.com/chacaradanonacondor/;(55) 3379-0600;
177;Hotel Vera Cruz;Ijui;Noroeste Colonial;Hotel;Hotel Vera Cruz;240,00;4,2;https://hotelveracruz.com.br/;(55) 99134-4812;
178;Hotel Santo Expedito;Ijui;Noroeste Colonial;Pousada;Hotel Santo Expedito;0,00;4,3;https://www.instagram.com/hotelsantoexpedito.ijui/;(55) 3331-2133;
179;Hotel e Pousada Jardim Itália;Ijui;Noroeste Colonial;Pousada;Hotel e Pousada Jardim Itália;0,00;4,5;https://lemeshotel.com.br/hotel/hotel-e-pousada-jardim-italia/;(55) 99157-4632;
180;Hotel Do Comercio;Ijui;Noroeste Colonial;Hotel;Hotel Do Comercio;0,00;3,5;https://www.facebook.com/p/Hotel-do-Com%C3%A9rcio-100063704269180/;(55) 3331-2327;
181;Hotel e Restaurante Villa Roma;Ijui;Noroeste Colonial;Hotel;Hotel e Restaurante Villa Roma;0,00;4,7;https://www.instagram.com/hotelerestaurantevillaroma/;(55) 99141-4550;
182;Pousada Turra;Ijui;Noroeste Colonial;Pousada;Pousada Turra;0,00;4;https://www.facebook.com/profile.php?id=100085583280664;(55) 99682-6079;
183;Pousada 285 Ijui;Ijui;Noroeste Colonial;Pousada;Pousada 285 Ijui;0,00;3,4;https://www.instagram.com/285pousada/;(55) 99171-7161;
184;Pousada Vó Gabriela;Ijui;Noroeste Colonial;Pousada;Pousada Vó Gabriela;0,00;3,7;https://www.facebook.com/pousadavogabriela/?locale=pt_BR;(55) 99102-3742;
185;Baixinha Hotel e Restaurante;Ijui;Noroeste Colonial;Hotel;Baixinha Hotel e Restaurante;0,00;4;https://www.instagram.com/baixinhahotel/;(55) 99216-4266;
186;Hotel D'Nápoles;Ijuí;Noroeste Colonial;Hotel;Hotel D'Nápoles;276,00;4,3;https://www.hoteldnapoles.com.br/;(55) 3332-9243;
187;City Hotel Ijuí;Ijuí;Noroeste Colonial;Hotel;City Hotel Ijuí;220,00;3,4;https://cityhotelijui.com.br/;(55) 3333-0532;
188;Hotel do Parque;Ijuí;Noroeste Colonial;Hotel;Hotel do Parque;170,00;4,8;https://www.hoteldoparqueijui.com/;(55) 99219-2821;
189;Hotel Ijuí;Ijuí;Noroeste Colonial;Hotel;Hotel Ijuí;350,00;4,3;https://hotelijui.com.br/;(55) 3333-1313;
190;Hotel Life;Ijuí;Noroeste Colonial;Hotel;Hotel Life;285,00;3,8;http://lifehotelijui.com.br/;(55) 3332-7879;
191;Hotel e Restaurante Jardim Europa;Ijuí;Noroeste Colonial;Hotel;Hotel e Restaurante Jardim Europa;332,00;4,4;https://www.hoteljardimeuropa.com.br/site/index.php;(55) 99932-0343;
192;Nossa Casa Churrascaria e Hotel;Ijuí;Noroeste Colonial;Hotel;Nossa Casa Churrascaria e Hotel;360,00;4,4;https://www.hotelnossacasa.com/;(55) 3333-4958;
193;Apart Hotel Ijuí;Ijuí;Noroeste Colonial;Hotel;Apart Hotel Ijuí;275,00;4;https://aparthotelijui.com.br/;(55) 98405-1111;
194;Hotel 44;Ijuí;Noroeste Colonial;Hotel;Hotel 44;339,00;4,6;https://www.hotel44ijui.com.br/2017/index.php;(55) 3331-7504;
195;Pousada Valentini;Jóia;Noroeste Colonial;Pousada;POUSADA VALENTINI;0,00;4;https://gigahoteis.com.br/cidade/hotel-em-joia-rs;(55) 99638-1204;
196;Cabanas Camponês;Jóia;Noroeste Colonial;Cabana/Chalé;Cabanas Camponês;0,00;5;https://www.instagram.com/cabanascampones/;(55) 99137-6750;
197;Hotel Lages Panambi;Panambi;Noroeste Colonial;Hotel;Hotel Lages Panambi;240,00;3,9;https://www.lageshotel.com.br/;(55) 3375-3934;
198;Elsenau Hotel;Panambi;Noroeste Colonial;Hotel;Elsenau Hotel;312,00;4,5;https://www.elsenau.com.br/;(55) 3376-9200;
199;Hotel Solar do Parque;Panambi;Noroeste Colonial;Hotel;Hotel Solar do Parque - Panambi/RS;400,00;4,8;https://www.solardoparque.com.br/;(55) 3375-4469;
200;Hotel Borges 205;Panambi;Noroeste Colonial;Hotel;Hotel Borges 205;0,00;4,1;https://www.instagram.com/hotelborgespanambi/;(55) 3375-1487;
201;Hotel Dom Diego;Panambi;Noroeste Colonial;Hotel;Hotel Dom Diego;0,00;4,5;https://www.facebook.com/HotelDomDiego/?locale=pt_BR;(55) 3375-0809;
202;Pousada Arco-Íris;Panambi;Noroeste Colonial;Pousada;Pousada Arco-Íris;130,00;3,7;https://www.instagram.com/pousadaarco/;(55) 99712-2451;
